from,to,relationship
klsondergeld,rb,1
elbest,rb,1
chwechselbaum,rb,1
heniessen,rb,1
mazier,rb,1
thkurzke,rb,1
anrumpf,rb,1
angrote,rb,1
hetruepel,rb,1
fakemp,rb,1
dedogan,rb,1
mamirassol,rb,1
evquantebrandt,rb,1
utgolasowski,rb,1
krniemann,rb,1
thjopping,rb,1
dischmidtmann,rb,1
sekaiser,rb,1
klbecke,rb,1
pidemirel,rb,1
jukoerperich,rb,1
gereichstein,rb,1
uwparpart,rb,1
anofferhaus,rb,1
sizeimke,rb,1
klanders,rb,1
maschroeder,rb,1
elreichwald,rb,1
chlinker,rb,1
thvonzabern,rb,1
mareicksmann,rb,1
klsondergeld,stadtbremen,4
elbest,ausschusswissenschaft,4
chwechselbaum,dgb,4
chwechselbaum,gruene,3
heniessen,nordmetallverband,2
heniessen,arbeitgeberverbandbremen,4
mazier,arbeitnehmerkammerbremen,4
mazier,taz,3
thkurzke,handwerkskamerbremen,4
anrumpf,evkirchebremen,4
angrote,kathkirchebremen,4
hetruepel,juedischegemeinde,4
fakemp,muslimebremen,4
dedogan,alevitenbremen,4
mamirassol,bremerjugendring,4
evquantebrandt,spd,3
evquantebrandt,landessportbundbremen,4
utgolasowski,gruene,3
utgolasowski,naturschutzunterweser,4
utgolasowski,bundbremen,2
krniemann,kampnagel,2
krniemann,landesmusikratbremen,4
thjopping,djv,4
thjopping,schifffahrtsmuseum,2
dischmidtmann,gruene,3
dischmidtmann,gruenealte,2
dischmidtmann,wassersportbremen,2
dischmidtmann,tsvstmagnus,2
dischmidtmann,strassenamtbremen,2
dischmidtmann,seniorenbremen,4
sekaiser,bremerrat,4
sekaiser,stadtbremen,2
klbecke,ausschusswissenschaft,4
klbecke,anwaeltehavenhaus,2
klbecke,hochschulebremerhaven,2
pidemirel,ausschusswissenschaft,4
pidemirel,vhsbremen,2
jukoerperich,ausschusswissenschaft,4
jukoerperich,filmbuerobremen,2
jukoerperich,kuenstlerbremen,2
jukoerperich,hochschulefuerkuenste,2
gereichstein,nedderdueuetsch,4
gereichstein,plattdueuetscherat,2
uwparpart,bremerhavenstadt,4
anofferhaus,gruene,3
anofferhaus,gruene,4
anofferhaus,unibremen,2
sizeimke,cdu,3
sizeimke,cdu,4
klanders,unibremen,2
klanders,gesellschaftosteuropakunde,2
klanders,bremerbuendnistschechien,2
klanders,linke,3
klanders,linke,4
maschroeder,fdp,3
maschroeder,fdp,4
elreichwald,spd,3
elreichwald,spd,4
chlinker,lesbenschwulenverband,4
chlinker,ratundtat,2
thvonzabern,humanistischeunion,4
mareicksmann,landesteilhaberat,4
mareicksmann,blindenvereinbremen,2
rozurbrueggen,wdr,1
cobluemel,wdr,1
makaub,wdr,1
flbraun,wdr,1
grgolland,wdr,1
gahammelrath,wdr,1
jaheinisch,wdr,1
frjablonski,wdr,1
israzanica,wdr,1
kaknoebelspies,wdr,1
kikorte,wdr,1
fakuehl,wdr,1
thnueckel,wdr,1
svtritschler,wdr,1
alvogt,wdr,1
pevogt,wdr,1
heweber,wdr,1
hemeyer,wdr,1
feschotland,wdr,1
anweber,wdr,1
judalhoffschereik,wdr,1
tanackmayr,wdr,1
clschulte,wdr,1
suschulzebockeloh,wdr,1
daschneckenburger,wdr,1
hasuergit,wdr,1
mabecker,wdr,1
bekinkel,wdr,1
gihinnemann,wdr,1
hezanderhayat,wdr,1
lulorenz,wdr,1
sieilers,wdr,1
makohler,wdr,1
miwenge,wdr,1
cotiwisina,wdr,1
vipeveling,wdr,1
hovoege,wdr,1
geascheid,wdr,1
kssakalsek,wdr,1
kabuescher,wdr,1
dikosslick,wdr,1
peschmitz,wdr,1
hestumpf,wdr,1
frvanduiven,wdr,1
mischuerg,wdr,1
doklee,wdr,1
pefreitag,wdr,1
chhuelsmeier,wdr,1
anbartz,wdr,1
pewahl,wdr,1
bezimmer,wdr,1
hekeilhofer,wdr,1
niheitzig,wdr,1
salipan,wdr,1
isgronackwa,wdr,1
rozurbrueggen,volkshochschulennrw,4
rozurbrueggen,wdrmediagroup,2
cobluemel,djv,4
makaub,grimmepreisjury,2
makaub,fernsehverbandbw,2
makaub,filmverbandnrw,2
makaub,naturschutznrw,4
makaub,bundnrw,2
makaub,filmschulekoeln,2
flbraun,cdu,3
flbraun,landtagnrw,4
flbraun,netcologne,2
flbraun,wdrmediagroup,2
flbraun,fcviktoria,2
flbraun,fcgermania,2
grgolland,landtagnrw,4
grgolland,cdu,3
grgolland,befigo,2
grgolland,kskkoeln,2
grgolland,adenauerstiftungjury,2
gahammelrath,spd,3
gahammelrath,asfkoeln,2
gahammelrath,landtagnrw,4
gahammelrath,vereinarbeitqualifizierung,2
jaheinisch,uniwuppertal,2
jaheinisch,cdu,3
jaheinisch,landtagnrw,4
jaheinisch,fwheiligenhaus,2
jaheinisch,vhsnrw,2
jaheinisch,feuerwehrennrw,2
jaheinisch,sparbauverein,2
frjablonski,zentraldombau,2
frjablonski,landtagnrw,4
frjablonski,gruene,3
frjablonski,heinrichboellstiftung,2
frjablonski,landschaftsverbandnrw,2
israzanica,landtagnrw,4
israzanica,spd,3
israzanica,arbeiterwohlfahrtduesseldorf,2
kaknoebelspies,landtagnrw,4
kaknoebelspies,gruene,3
kaknoebelspies,amtsgerichtkoeln,2
kikorte,diakonischestiftungsalem,2
kikorte,diakonischestiftungwittekindshof,2
kikorte,cdu,3
kikorte,landtagnrw,4
fakuehl,landtagnrw,4
thnueckel,landtagnrw,4
thnueckel,fdp,3
thnueckel,ruhrpressekonferenz,2
thnueckel,stiftungentwicklung,2
thnueckel,zentrumtuerkeistudien,2
svtritschler,hausdergeschichtenrw,2
svtritschler,landtagnrw,4
svtritschler,afd,3
alvogt,spd,3
alvogt,landtagnrw,4
alvogt,wdrmediagroup,2
alvogt,ragimmobilien,2
alvogt,volkshaus,2
alvogt,hiberniaschule,2
pevogt,schutzgemeinschaftwald,2
pevogt,verbandwirtschaftslehrer,2
pevogt,karlarnoldstiftung,2
pevogt,duisport,2
pevogt,landtagnrw,4
pevogt,cdu,3
heweber,evkirche,4
hemeyer,kathkirche,4
hemeyer,knapromediastiftunng,2
feschotland,juedischegrundschule,2
feschotland,gemeinderatsynagogen,2
feschotland,juedischegemeinde,2
anweber,dgbnrw,4
anweber,wdrmediagroup,2
anweber,augustschmidtstiftung,2
anweber,nrwstiftung,2
judalhoffschereik,dbbnrw,4
judalhoffschereik,wdrmediagroup,2
tanackmayr,unternehmernrw,4
tanackmayr,landessozialgerichtessen,2
clschulte,handwerknrw,4
clschulte,handwerkskammerduesseldorf,2
clschulte,buergerschaftsbanknrw,2
clschulte,landesbuergschaftsausschussnrw,2
clschulte,stiftunggeorgschulhoff,2
suschulzebockeloh,landwirtschaftsverbaendenrw,4
suschulzebockeloh,deutscherbauernverband,2
suschulzebockeloh,agravisraiffeisen,2
suschulzebockeloh,mcchallemuensterland,2
suschulzebockeloh,landwirtschaftlicherentenbank,2
suschulzebockeloh,stiftunglandschaftwestfalen,2
suschulzebockeloh,cdu,3
daschneckenburger,staedtetagnrw,4
daschneckenburger,staedteundgemeindebundnrw,2
daschneckenburger,landkreistagnrw,2
daschneckenburger,bundesstiftunggleichstellung,2
daschneckenburger,hausdergeschichtenrw,2
daschneckenburger,nrwstiftung,2
daschneckenburger,kulturstiftungdesbundes,2
daschneckenburger,stiftungfussballkultur,2
daschneckenburger,stiftungnaturschutznrw,2
daschneckenburger,landesweiterbildungsratnrw,2
daschneckenburger,volkshochschulverband,2
daschneckenburger,gruene,3
hasuergit,wohlfahrtspflegenrw,4
hasuergit,drkwestfalenlippe,2
hasuergit,drkkinderkliniksiegen,2
hasuergit,sozialstiftungnrw,2
mabecker,arbeitsgemeinschaftfamilienrw,4
mabecker,fauenratnrw,2
mabecker,elternerziehernrw,2
mabecker,zukunftsforumfamilie,2
mabecker,arbeitsgemeinschaftfamilienrw,2
mabecker,familienarbeiterwohlfahrtnrw,2
bekinkel,quueresnetzwerknrw,4
bekinkel,arcusstiftung,2
bekinkel,bundesstiftungmagnushirschfeld,2
gihinnemann,landessportbundnrw,4
gihinnemann,cdu,3
gihinnemann,deutschereiterlichevereinigung,2
gihinnemann,sportstiftungnrw,2
gihinnemann,deutschessportmuseum,2
hezanderhayat,verbrauchernrw,4
hezanderhayat,trustedshops,2
hezanderhayat,landespraeventionsratnrw,2
hezanderhayat,wdrmediagroup,2
hezanderhayat,schlichtungsstellenahverkehr,2
lulorenz,landesjugendringnrw,4
lulorenz,ratderstadtkoeln,2
lulorenz,landschaftsversammlungrheinland,2
lulorenz,spd,3
sieilers,denkmalpflegelandschaftsschutz,2
sieilers,lippischerheimatbund,2
sieilers,westfaelischerheimatbund,4
sieilers,nrwstiftung,2
sieilers,stiftungwestfaelischekultur,2
sieilers,auslandsgesellschaftde,2
makohler,sozialverbanddeutschland,4
makohler,seniorenbeiratrheda,2
miwenge,bergischeihk,4
miwenge,dihk,2
miwenge,uniwuppertal,2
cotiwisina,bitkom,4
cotiwisina,eco,2
cotiwisina,vodafone,2
cotiwisina,unitymedianrw,2
cotiwisina,arte,2
cotiwisina,deutschfranzkreis,2
cotiwisina,csu,3
vipeveling,familienunternehmernrw,4
vipeveling,wirtschaftsjuniorennrw,2
vipeveling,verbandfreieberufenrw,2
vipeveling,agenturlifetimefilms,2
vipeveling,bavariafilm,2
hovoege,sozialverbandvdknrw,4
hovoege,spd,3
geascheid,landesbehindertenratnrw,4
geascheid,lebenshilfenrw,2
geascheid,lebenshilfeaachen,2
geascheid,paritwohlfahrtsverbandnrw,2
kssakalsek,landesintegrationsratnrw,4
kssakalsek,antirassismusnrw,2
kssakalsek,rhenusfreightlogistics,2
kssakalsek,maedchenfrauensozialarbeit,2
kssakalsek,metropolregionrheinland,2
kabuescher,landesseniorenvertretungnrw,4
kabuescher,verbrauchernrw,2
kabuescher,seniorenbeiratrheda,2
dikosslick,filmmediennrw,4
dikosslick,filmbueronw,2
dikosslick,berlinale,2
dikosslick,unibabelsberg,2
dikosslick,dresdnermusikfestspiele,2
peschmitz,kulturratnrw,4
peschmitz,netzwerkfilmkulturnrw,2
hestumpf,landesmusikratnrw,4
hestumpf,landesmusikakademienrw,2
frvanduiven,verbandbildenderkuenstler,4
frvanduiven,stadtbaukulturnrw,2
frvanduiven,kulturnetzkoeln,2
frvanduiven,filmmedienstiftungnrw,2
mischuerg,igmetallnrw,4
mischuerg,spd,3
doklee,rektorenkonferenzunisnrw,4
doklee,rektorenkonferenzhochschulennrw,2
doklee,uniwuerzburg,2
doklee,initiativeaachen,2
doklee,actoophthalmologieforschung,2
pefreitag,verdinrw,4
pefreitag,dju,2
pefreitag,expertgroupeuropjournalisten,2
pefreitag,rheinischeredaktionsgemeinschaft,2
pefreitag,sozialfondkoelnerjournalisten,2
chhuelsmeier,igbcenrw,4
chhuelsmeier,volkshochschulennrw,2
chhuelsmeier,lausitzenergiebergbau,2
anbartz,genossbuehnenangehoerigenrw,4
anbartz,landesmusikratnrw,2
anbartz,theaterbonn,2
anbartz,filmmedienstiftungnrw,2
pewahl,europaunionnrw,4
pewahl,grachtenparkaasee,2
pewahl,debritfranzgesellschaft,2
pewahl,fdp,3
bezimmer,aerztekammerwestfalen,4
bezimmer,ingenieurkammerbaunrw,2
bezimmer,deutscheranwaltvereinnrw,2
bezimmer,steuerberatervereinnrw,2
bezimmer,verbandfreieberufenrw,2
bezimmer,bundesbanknrw,2
bezimmer,aerztekammernordrhein,2
hekeilhofer,deutschermieterbundnrw,4
hekeilhofer,colognealliance,2
hekeilhofer,staedtepartnerschaftkoelnbarcelona,2
niheitzig,landesjagdverbandnrw,4
niheitzig,deutschewildtierrettung,2
niheitzig,stiftungwestfaelischekultur,2
niheitzig,wildtierbiotopschutznrw,2
salipan,literaturratnrw,4
salipan,buecherfrauen,2
salipan,deutscheschriftsteller,2
salipan,friedrichboedeckerkreis,2
salipan,gesellschaftliteraturnrw,2
isgronackwa,kinderreichefamilien,4
isgronackwa,zontaclubkoeln,2
isgronackwa,bpwgermanyclub,2
isgronackwa,berufstaetigemuetter,2
isgronackwa,colognedigital,2
alkehr,akf,2
alkehr,akf,4
alkehr,thueringerehrenamtsstiftung,2
anfeiks,landtagsachsen,4
anfeiks,landtagsachsen,2
anfeiks,linke,3
annowak,landtagsachsen,2
annowak,kultursenatsachsen,2
annowak,versorgungverkehrleipzig,2
annowak,verkehrsbetriebeleipzig,2
annowak,iftec,2
annowak,zvnl,2
annowak,stadtratleipzig,2
annowak,dtverkehrswacht,2
annowak,landesverkehrswachtsachsen,2
annowak,operleipzig,2
annowak,mittelstandsundwirtschaftsunionsachsen,2
annowak,cdu,3
beziesch,epvm,2
beziesch,domowina,2
chmaier,evangelischeakademiesa,4
chmaier,evangelischeakademiesa,2
chwagner,evkirchethueringen,2
chwagner,mobit,2
dibauer,freiewohlfahrtspflegesachsen,2
dibauer,evangelischehochschulesoziales,2
dibauer,ezvkdarmstadt,2
dibauer,evangelischermedienverbandsachsen,2
dibauer,evangelischerkrankenhausverbandsachsen,2
dibauer,bbwleipzig,2
dibauer,diakoniesachsen,4
dibauer,diakoniesachsen,2
diherz,saechsischerheimatschutz,4
diherz,saechsischerheimatschutz,2
dipanter,landtagsachsen,2
dipanter,spd,3
dipanter,leipzigerdokfilmwochen,3
dipanter,aufbaubanksachsen,3
dipanter,scdhfkleipzig,3
ekkulakova,juedischegemeindendresden,2
ekkulakova,juedischegemeindensachsen,4
ekkulakova,juedischegemeindensachsen,2
frkuehn,kulturverbandsachsen,4
frkuehn,kulturverbandsachsen,2
frnemetz,vossachsen,2
frschoenborn,tbbthueringen,2
frschoenborn,wuestenrot,2
frschoenborn,tlbg,2
frschoenborn,dbb,2
gukosmehl,landtagsachsenanhalt,4
gukosmehl,landtagsachsenanhalt,2
gukosmehl,traegerwerksozialedienste,2
gukosmehl,fdp,3
hamauer,handwerkstagsa,2
hegraichen,landkreistagsachsen,4
hegraichen,landkreistagsachsen,2
hegraichen,cdu,3
hehilker,djvsachsen,4
hehilker,djvsachsen,2
hehilker,linke,3
irherfurth,dbbsachsenanhalt,4
irherfurth,dbbsachsenanhalt,2
irherfurth,dtsteuergewerkschaftsa,2
irherfurth,finanzsportgemeinschaftsa,2
joleibiger,sbsthueringen,2
joleibiger,ttg,2
joleibiger,blindenverbandthueringen,4
joleibiger,blindenverbandthueringen,2
kabeberhold,ihk,2
kabeberhold,agrarburgscheidungen,2
kabeberhold,bauernverbandsachsenanhalt,4
kabeberhold,bauernverbandsachsenanhalt,2
kamitteldorf,landtagthueringen,2
kamitteldorf,linke,3
kamitteldorf,stadtratnordhausen,2
kamitteldorf,dtchorverband,2
kamitteldorf,thueringerchorverband,2
kaostermann,stadtjena,2
kaostermann,filmjena,2
kaostermann,landesjugendringthueringen,4
kaostermann,landesjugendringthueringen,2
kasethi,migrantenorganisationensachsen,2
klkloetzner,stadtwerkeglauchau,2
klkloetzner,stadtbauundwohnungsglauchau,2
klkloetzner,ueberlandwerkeglauchau,2
klkloetzner,stadtratglauchau,2
klkloetzner,cdu,3
klkloetzner,stiftungjugend,2
klkloetzner,kloetznerwerbemittelservice,2
klkloetzner,adacsachsen,4
klkloetzner,adacsachsen,2
maboehme,ltvsachsen,4
maboehme,ltvsachsen,2
maboehme,meilertharandt,2
mafangohr,lsvdsa,4
mafangohr,easygastromagdeburg,2
maforssbohm,sht,4
maforssbohm,forssbohmundsoehnebauunternehmen,2
maforssbohm,handwerkskammerleipzig,2
maforssbohm,lgh,2
maforssbohm,signalidunakv,2
maforssbohm,ikk,2
maforssbohm,sparkasseleipzig,2
maforssbohm,verlagsanstalthandwerk,2
malanghof,clusteritmitteldeutschland,2
malanghof,itmultimediaindustriesa,2
malanghof,metallelektroindustriesa,2
malanghof,agundwrverbaendessa,4
malanghof,agundwrverbaendessa,2
maschlimbach,igrelan,2
maschlimbach,arbeitlebensachsen,2
maschlimbach,dgbsachsen,2
mavoigt,landtagthueringen,2
mavoigt,cdu,3
miziche,landkreistagsachsenanhalt,4
miziche,landkreistagsachsenanhalt,2
miziche,cdu,3
miziche,lag,2
miziche,sparkassealtmarkwest,2
nigbur,demokratischebildungsarbeit,4
nigbur,demokratischebildungsarbeit,2
olgreie,dgbsachsenanhalt,2
olgreie,verdi,4
olgreie,verdi,2
olgreie,deutscheboerseag,2
olgreie,aoksa,2
olgreie,bundesagenturfuerarbeitsachsen,2
phnitsche,caritasbistumerfurt,2
phnitsche,klinikenpsychiatrie,2
phnitsche,altenzentrumluisenhaus,2
phnitsche,christkrankenhauseisenach,2
phnitsche,christophoruswerk,2
phnitsche,kathaltenpflegeheimeeichsfeld,2
rekraushaar,landesregierungsachsen,4
rekraushaar,landesregierungsachsen,2
rekraushaar,cdu,3
rohoffmann,iad,2
rohoffmann,bundthueringen,4
rohoffmann,bundthueringen,2
rohoffmann,naturstiftungdavid,2
rohoffmann,arbeitundlebenthueringen,2
sasieber,ihksachsen,2
sasieber,arte,2
sawitt,dgbthueringen,2
sawitt,arte,2
sawitt,linke,3
sescholz,djvthueringen,2
siborgwardt,landtagsachsenanhalt,4
siborgwardt,landtagsachsenanhalt,2
siborgwardt,schuetzenverein,2
siborgwardt,cdu,3
sireeder,landesregierungthueringen,2
stgebhardt,landtagsachsenanhalt,4
stgebhardt,landtagsachsenanhalt,2
stgebhardt,wohnungsgesellschafthettstadt,2
stgebhardt,lottototosa,2
stgebhardt,linke,3
strether,katholischekirchesa,2
stschikor,deutscherkinderschutzbund,2
stschikor,gruene,3
stschikor,stadtverwaltungnaumburg,2
stschikor,landesfrauenratsa,2
tazieschang,dtevkirchentag,2
tazieschang,konradadenauerstiftung,2
tazieschang,landesregierungsa,2
tazieschang,cdu,3
thmalcherek,handwerksverbandthue,4
thmalcherek,handwerkskammererfurt,2
thmalcherek,buergschaftsbankthueringen,2
thmalcherek,inter,2
thmalcherek,signalidunakv,2
thmalcherek,mittelstaendischebeteiligungsgesellschaft,2
ulfranzen,landessportbundsachsen,4
ulfranzen,landessportbundsachsen,2
ulfranzen,sportparkrabenberg,2
ulfranzen,industrieclubsachsen,2
ulfranzen,dresdnersportclub,2
ulfranzen,stiftungsporthilfesachsen,2
ulfranzen,ostsaechsischensparkassedresden,2
woeisenberg,leuchtstoffwerkbreitungen,2
woeisenberg,vwt,4
woeisenberg,vwt,2
woeisenberg,arbeitgeberverbandnordostchemie,2
wogrosskopf,landesjagdverbandsachsenanhalt,4
wogrosskopf,landesjagdverbandsachsenanhalt,2
wogrosskopf,grosskopfkunststofftechnik,2
wogrosskopf,netzwerkmek,2
kaostermann,mdr,1
dibauer,mdr,1
miziche,mdr,1
kabeberhold,mdr,1
maboehme,mdr,1
siborgwardt,mdr,1
woeisenberg,mdr,1
mafangohr,mdr,1
anfeiks,mdr,1
maforssbohm,mdr,1
ulfranzen,mdr,1
nigbur,mdr,1
stgebhardt,mdr,1
hegraichen,mdr,1
olgreie,mdr,1
wogrosskopf,mdr,1
irherfurth,mdr,1
diherz,mdr,1
hehilker,mdr,1
rohoffmann,mdr,1
alkehr,mdr,1
klkloetzner,mdr,1
gukosmehl,mdr,1
rekraushaar,mdr,1
frkuehn,mdr,1
ekkulakova,mdr,1
malanghof,mdr,1
joleibiger,mdr,1
chmaier,mdr,1
thmalcherek,mdr,1
hamauer,mdr,1
kamitteldorf,mdr,1
frnemetz,mdr,1
phnitsche,mdr,1
annowak,mdr,1
dipanter,mdr,1
sireeder,mdr,1
strether,mdr,1
stschikor,mdr,1
maschlimbach,mdr,1
sescholz,mdr,1
frschoenborn,mdr,1
kasethi,mdr,1
sasieber,mdr,1
mavoigt,mdr,1
chwagner,mdr,1
sawitt,mdr,1
beziesch,mdr,1
tazieschang,mdr,1
onakdeniz,musglaubensgemeinschaft,4
onakdeniz,hessintegrationskonferenz,2
yaalinaghi,wohlfahrtspflegehessen,4
yaalinaghi,paritaetischehessen,2
yaalinaghi,akademiesued,2
yaalinaghi,diensteimalter,2
yaalinaghi,wohnraumhilfedarmstadt,2
yaalinaghi,unionversicherungsdienst,2
anbohnenkamprenken,freiesdeutscheshochstift,4
anbohnenkamprenken,polytechnischegesellschaft,2
anbohnenkamprenken,fischerstiftung,2
anbohnenkamprenken,goethegesellschaft,2
anbohnenkamprenken,novalisgesellschaft,2
ulcaspar,hihk,4
ulcaspar,econo,2
ulcaspar,fiz,2
ulcaspar,frankfurtrheinmain,2
ulcaspar,rheinmainverkehrsbund,2
ulcaspar,nhw,2
ulcaspar,dihk,2
ulcaspar,cdu,3
ulcaspar,performzukunftsregion,2
siclaar,gewhessen,4
siclaar,hochschulehannover,2
siclaar,spd,3
inclaus,landtaghessen,4
inclaus,cdu,3
inclaus,stiftunghoherdomzumainz,2
midangel,bauernverbandhessen,4
midangel,milcherzeugnissehessen,2
midangel,vereinfuerlandvolkbildung,2
midangel,foerderungdermilchwirtschaft,2
sueickemeier,hochschuleoffenbach,4
sueickemeier,ekhnstiftung,2
sueickemeier,kinderschutzbundhochtaunus,2
sueickemeier,johannesmosbachstiftung,2
arenners,landtaghessen,4
arenners,afd,3
arenners,stiftungalternativepolitik,2
kegeis,landtaghessen,4
kegeis,spd,3
kegeis,kreisklinikgrossgerau,2
kahahne,selbststaendig,2
kahahne,verbandfreierberufe,4
raheuberger,juedischegemeindeffm,4
raheuberger,budgestiftung,2
raheuberger,rothschildschestiftung,2
raheuberger,stiftungneuesynagogeberlin,2
raheuberger,institutfuersozialforschungffm,2
raheuberger,centrumjudaicum,2
bikuemmel,museumsverbandhessen,4
jukuhlmann,landwirtschafthessen,2
jukuhlmann,landessportbundhessen,2
jukuhlmann,stiftungflughafenffm,2
jukuhlmann,sportstiftunghessen,2
jukuhlmann,lottohessen,2
jukuhlmann,landessportkonferenz,2
mamachalett,hessischerjugendring,4
mamencke,evkirche,4
mamencke,diakoniegemeinschaftpaulinenstift,2
mamencke,arbeitskreisevangelischerunternehmer,2
kamueller,landesregierunghessen,4
kamueller,cdu,3
brott,landesfrauenrathessen,4
wopax,kathkirche,4
wopax,stvincenz,2
chriess,aghessischenhwk,4
chriess,hwkffmrheinmain,2
chriess,wirtschaftsfoerderungffm,2
chriess,frankfurtrheinmain,2
chriess,buergschaftsbankhessen,2
chriess,europakomitteehessen,2
chriess,frankfurtervolksbank,2
chriess,hessenagentur,2
chriess,polytechnischegesellschaft,2
svringsdorf,europaunion,4
svringsdorf,fdp,3
svringsdorf,weisschemietechnik,2
svringsdorf,mathesundkollegen,2
svringsdorf,gimmlerreisen,2
svringsdorf,weissamericansinc,2
svringsdorf,weisschemical,2
svringsdorf,weissusa,2
rerock,landesregierunghessen,4
rerock,roteskreuzseligenstadt,2
rerock,fdp,3
mirudolph,dgb,4
mirudolph,wibank,2
mirudolph,vrbundesagenturfuerarbeit,2
mirudolph,aokhessen,2
mirudolph,hessenagentur,2
mirudolph,sparkassenversicherung,2
mirudolph,spd,3
mirudolph,europaeischenakademiederarbeit,2
heschmitt,dbb,4
heschmitt,bta,2
heschmitt,dpolg,2
heschmitt,landesverbandhessen,2
anschneider,dbb,4
anschneider,vbehessen,2
roscholz,bdv,4
roscholz,cdu,3
roscholz,stiftunghandschrift,2
roscholz,frauenunionwiesbaden,2
kaseewald,ernaehrungsratkassel,2
kaseewald,vhskassel,2
kaseewald,vhshessen,2
kaseewald,mbthessen,2
evtolpina,agahhessen,4
evtolpina,sozialerdienst,2
evtolpina,kreisverwaltungwerrameissnerkreis,2
evtolpina,spd,3
evtolpina,oveschwege,2
jevogt,operfrankfurt,2
jevogt,bayreutherfestspiele,2
jevogt,unisono,2
jevogt,deutschermusikrat,2
jevogt,landesmusikrathessen,4
jevogt,deutscherkulturrat,2
jevogt,eukommission,2
jevogt,deutscheorchesterstiftung,2
jevogt,vddko,2
jevogt,deutschemusikundorchestervereinigung,2
mawagner,landesregierunghessen,4
mawagner,gruene,3
siweinmannmang,vhu,4
siweinmannmang,hessenmetall,2
anzulauf,landeselternbeirat,4
anzulauf,stadtelternbeiratgiessen,2
onakdeniz,hr,1
yaalinaghi,hr,1
anbohnenkamprenken,hr,1
ulcaspar,hr,1
siclaar,hr,1
inclaus,hr,1
midangel,hr,1
sueickemeier,hr,1
arenners,hr,1
kegeis,hr,1
kahahne,hr,1
raheuberger,hr,1
bikuemmel,hr,1
jukuhlmann,hr,1
mamachalett,hr,1
mamencke,hr,1
kamueller,hr,1
brott,hr,1
wopax,hr,1
chriess,hr,1
svringsdorf,hr,1
rerock,hr,1
mirudolph,hr,1
heschmitt,hr,1
anschneider,hr,1
roscholz,hr,1
kaseewald,hr,1
evtolpina,hr,1
jevogt,hr,1
mawagner,hr,1
siweinmannmang,hr,1
anzulauf,hr,1
dehohloch,landtagbrandenburg,4
dehohloch,afd,3
dehohloch,stadtrat,2
detumlirsch,landesbauern,4
detumlirsch,lmbv,2
frbecker,dbb,4
frbecker,vakberlin,2
frbecker,hprberlin,2
reauster,foen,2
reauster,bln,4
chamsinck,drvbund,2
chamsinck,ipv,2
chamsinck,ibberlin,2
chamsinck,commerzbank,2
chamsinck,lhrbrandenburg,2
chamsinck,uvb,4
ankuehnemann,spd,3
ankuehnemann,verdi,2
ankuehnemann,stadtreinigungberlin,2
ankuehnemann,stromnetzberlin,2
ankuehnemann,djv,2
ankuehnemann,verdiberlin,4
jajazairi,hpvberlin,2
jajazairi,migrantenbeiratpotsdam,2
jajazairi,integrationssenat,4
mekuehnemann,spd,3
mekuehnemann,abgeordnetenhausberlin,4
anfaber,landfrauenbrandenburg,2
anfaber,fprbrandenburg,4
sanachama,widenthecircle,2
sanachama,juedischegemeinedeberlin,4
sanachama,advofleet,2
sanachama,wiberlin,2
likanellos,unicefberlin,2
likanellos,erzbistumberlin,4
anveiel,hsstiftung,2
anveiel,dffb,2
anveiel,akademiederkuenste,4
kakarger,dgbbb,4
kakarger,htwberlin,2
nazivkovic,cdu,3
nazivkovic,gruenberlin,2
nazivkovic,smartlivinigandhealthcenter,2
nazivkovic,stiftungzukunftberlin,2
nazivkovic,buergermeisterratberlin,4
makoinzer,sorbischbrandenburg,4
makoinzer,domowina,2
frfeuerschuetz,jugendringberlin,4
frfeuerschuetz,evkircheberlin,2
frfeuerschuetz,lmb,2
frfeuerschuetz,spd,3
hageywitz,evkircheberlin,4
hageywitz,evseelsorgebundeswehr,2
hageywitz,telefonicagermany,2
hageywitz,stmarienkirche,2
hageywitz,garnisonkirchepotsdam,2
hageywitz,spd,3
chgoiny,abgeordnetenhausberlin,4
chgoiny,arliegenschaftsfond,2
chgoiny,cdu,3
chgoiny,vdgg,2
digolze,ligabb,4
digolze,awobrandenburg,2
digolze,awopotsdam,2
digolze,kreistaghavelland,2
digolze,linke,3
digolze,stadtrathenow,2
mahagemann,filmuniversitaetbabelsberg,2
mahagemann,ffa,2
mahagemann,filmfoerderunghamburg,2
mahagemann,agdodk,2
mahagemann,lkrpberlin,4
frhemm,aws,2
frhemm,ihkbb,4
kariedel,musikratbb,4
kariedel,filmundfernsehbb,4
kariedel,filmverbandbb,2
svrissmann,abgeordnetenhausberlin,4
svrissmann,cdu,3
svrissmann,partgmbh,2
svrissmann,pwpberlin,2
stschenk,inclusivesolutions,2
stschenk,lbb,4
stschenk,bsberlin,2
stschenk,muslimischesseelsorgetel,2
stschenk,seninsport,2
stschenk,senkultgz,2
stschenk,sclsportclub,2
stschenk,spd,3
stschenk,lebenshilfeberlin,2
stschenk,eufundraising,2
stschenk,dtfundraisingverband,2
stschenk,telseelsorgebb,2
stschenk,foerderpicassoschule,2
stschenk,foerderevschuleberlin,2
stschenk,downsyndrominfo,2
stschenk,foerderjuedischerfriedhofweissensee,2
stschenk,freundekinotoni,2
stschenk,leadershipberlin,2
stschenk,foerdergedenkorttvier,2
stschenk,kinderreichefamilien,2
stschenk,dtfamilienverband,2
stschenk,absolventum,2
disiegfried,lesbenschwulenverband,4
disiegfried,lsdvbb,2
disiegfried,basj,2
disiegfried,bavberlin,2
erstohn,landtagbrandenburg,4
erstohn,spd,3
erstohn,oberlinhaus,2
erstohn,stiftungschlosswiepersdorf,2
erstohn,stadtjuetebog,2
erstohn,kreistagtf,2
erstohn,stiftungmbs,2
erstohn,foerderunggsgymnasium,2
erstohn,foerderungwiesenschule,2
erstohn,fsvluckenwalde,2
erstohn,dlrgluckenwalde,2
noheise,marzahnertor,2
noheise,lkrpberlin,4
dothie,hwkpotsdam,2
dothie,mittelstandsvereinbm,2
dothie,mz,2
dothie,hwkberlin,4
votoennies,spd,3
votoennies,havellaendischeeisenbahn,2
votoennies,eisenbahnniderbarnimer,2
votoennies,vberlinbrandenburg,2
votoennies,mibraburgsparkasse,2
votoennies,oberhavelkliniken,2
votoennies,spitzenverbaendebb,4
elhildebrandt,spd,3
elhildebrandt,lhfn,2
elhildebrandt,landtagbrandenburg,4
datripke,lsbbrandenburg,4
datripke,msvneuruppin,2
datripke,rcneuruppin,2
datripke,gemeindienstneuruppin,2
elkountidou,ndm,2
elkountidou,abgeordnetenhausberlin,4
dehohloch,rbb,1
detumlirsch,rbb,1
likanellos,rbb,1
anveiel,rbb,1
kakarger,rbb,1
nazivkovic,rbb,1
makoinzer,rbb,1
mahagemann,rbb,1
erstohn,rbb,1
noheise,rbb,1
dothie,rbb,1
frhemm,rbb,1
votoennies,rbb,1
elhildebrandt,rbb,1
datripke,rbb,1
elkountidou,rbb,1
frbecker,rbb,1
reauster,rbb,1
chamsinck,rbb,1
ankuehnemann,rbb,1
jajazairi,rbb,1
mekuehnemann,rbb,1
anfaber,rbb,1
sanachama,rbb,1
frfeuerschuetz,rbb,1
kariedel,rbb,1
hageywitz,rbb,1
svrissmann,rbb,1
chgoiny,rbb,1
stschenk,rbb,1
digolze,rbb,1
disiegfried,rbb,1
chade,bayerischerbauernverband,4
chade,csu,3
mabeck,aerztlicherkreisverbandaugsburg,2
mabeck,aerztlicherbezirksverbandschwaben,2
mabeck,landesaerztekammerbayern,2
mabeck,bayerischeaerzteversorgung,2
mabeck,verbandfreierberufebayern,4
babecker,landtagbayern  ,4
babecker,evangelischerarbeitskreisunterfranken,2
babecker,evangelischerarbeitskreisbayern,2
babecker,leader,2
babecker,evangelischeschulstiftungbayern,2
babecker,csu,3
babecker,kreistagkitzingen,3
babecker,klinikkitzingerland,3
babecker,lpbbayern,3
baebenkenstein,stadtfreyung,2
baebenkenstein,kdfb,4
baebenkenstein,soroptimistpassau,2
vrbertsch,stadtneumarkt,2
vrbertsch,saengerbundbayern,2
vrbertsch,musikratbayern,4
jobeyer,evangelischlutherischekirchebayern,2
jobeyer,evangelischefrauenbayern,4
jobeyer,elkbstiftung,2
jobeyer,def,2
uwbrandl,stanglmeierstiftung,2
uwbrandl,sparkassebayern,2
uwbrandl,dstgb,2
uwbrandl,gemeindetagbayern,4
uwbrandl,bayernwerk,2
uwbrandl,telekom,2
uwbrandl,kommunalmagazin,2
uwbrandl,csu,3
dibreit,evangelischlutherischekirchebayern,4
dibreit,obdachlosenhilfebayern,2
ildanziger,israelitischekultusgemeinden,4
ildanziger,juedischegemeinderegensburg,2
hadipama,agaby,4
hadipama,rassismusfreiesbayern,2
hadipama,fluechtlingsratbayern,2
sedorny,bayerischestaatsoper,4
sedorny,queenelisbabethmusiccompetition,2
aldorow,csu,3
aldorow,landtagbayern  ,4
aldorow,katholischepublizisten,2
aldorow,roteskreuzbayern,2
aldorow,macromedia,2
aldorow,goerres,2
aldorow,youngamerica,2
aldorow,theaterschondorf,2
aldorow,dorfundlandentwicklungthierhaupten,2
aldorow,stiftungamerikahausbayern,2
aldorow,kreistaglandsberg,2
aldorow,thaugsburg,2
aldorow,hausgeschichtebayern,2
aldorow,justizvollzuglandsberg,2
maeglauer,vhsebersberger,4
maeglauer,vhsverbandbayern,2
sifleischmann,bayerischerlehrerverband,4
sifleischmann,dbbakademie,2
sifleischmann,adlerversicherung,2
sifleischmann,axaversicherung,2
sifleischmann,nuernbergerversicherung,2
sifleischmann,deutscherschulpreis,2
alfriedrich,erzdioezoesemuenchen,2
alfriedrich,kathkirche,4
alfriedrich,bonifatius,4
alfriedrich,caritas,4
alfriedrich,donbosco,4
hegreif,csu,3
hegreif,bayerischerbauernverband,4
thhabermann,csu,3
thhabermann,landkreisrhoengrabfeld,4
thhabermann,katholischestudentenverbindung,2
vohalbleib,landtagbayern,4
vohalbleib,spd,3
vohalbleib,akademiefrankenwarte,2
vohalbleib,awo,2
vohalbleib,vdksozialverband,2
vohalbleib,verdi,2
vohalbleib,dbbbayern,2
vohalbleib,awrgesellschaft,2
vohalbleib,sudetenlandsmannschaft,2
vohalbleib,naturfreunde,2
vohalbleib,bundnaturschutz,2
vohalbleib,verkehrsclubdeutschland,2
vohalbleib,frankenbund,2
vohalbleib,universitaetsbundwuerzburg,2
vohalbleib,mainfraenkischekunst,2
vohalbleib,leonhardfrankgesellschaft,2
vohalbleib,caritasschulengmbh,2
vohalbleib,dlrgbayern,2
vohalbleib,kreisratwuerzburg,2
vohalbleib,stadtratochsenfurt,2
luhartmann,landtagbayern,4
luhartmann,gruene,3
luhartmann,finkundhartmann,2
flherrmann,staatsregierungbayern,4
flherrmann,csu,3
flherrmann,kreisratfreising,2
flherrmann,hochschulephilosophiemuenchen,2
flherrmann,jugendwerkbirkeneck,2
flherrmann,filmfernsehfondsbayern,2
flherrmann,buergerstiftungfreising,2
flherrmann,iffse,2
flherrmann,stiftungwertebuendnisbayern,2
flherrmann,verkehrswachtbayern,2
flherrmann,feuerwehrverbandbayern,2
flherrmann,kathmaennertuntenhausen,2
klholetschek,landtagbayern,4
klholetschek,csu,3
klholetschek,kneippbund,2
klholetschek,sparkassememmingen,2
klholetschek,heilbaederbayern,2
klholetschek,tourismusallgaeu,2
klholetschek,allgaeugmbh,2
klholetschek,tourismusbayerngmbh,2
klholetschek,brmedia,2
klholetschek,kwa,2
klholetschek,kinderklinikgarmisch,2
mehuml,landtagbayern,4
mehuml,csu,3
mehuml,universitaetbamberg,2
mehuml,zirkusgiovanni,2
mehuml,oberfrankenoffensiv,2
mehuml,freundeskreisbambergerdom,2
mehuml,freundebambergersymphoniker,2
mehuml,dlrgbayern,2
mehuml,ulrichgesslerstiftung,2
mehuml,hannsseidelstiftung,2
mehuml,normenkontrollratbayern,2
mehuml,kinderhospizmuenchen,2
mehuml,freundebayreuth,2
mehuml,landesstiftungbayern,2
frhuepers,handwerkskammerbayern,4
frhuepers,handwerkszeitungdhz,2
frhuepers,foerderbankbayern,2
frhuepers,gewerbearchiv,2
luklemens,bayernwerk,2
luklemens,dakgesundheit,2
luklemens,bundesagenturfuerbayern,4
rakleybolte,gymnasienbayern,4
chknauer,landkreisaichach,2
chknauer,vertriebenebayern,4
chknauer,fluchtvertreibungversoehnung,2
chknauer,ostdeutschegalerieregensburg,2
chknauer,sudetenlandsmannschaft,2
chknauer,kriegerkameradschaftaichach,2
chknauer,sisifreundeunterwittelsbach,2
jokohler,stadtnuernberg,2
jokohler,landtagbayern,4
jokohler,motorsportclubnuernberg,2
jokohler,csu,3
sakurz,landtagbayern,4
sakurz,hausgeschichtebayern,2
sakurz,stiftungneueskonzerthaus,2
sakurz,paulklingerkuenstlersozialnetzwerk,2
axlinstaedt,carlorffstiftung,2
axlinstaedt,komponistenorganisationen,4
femang,landtagbayern,4
femang,afd,3
chmoser,kreisstadtdeggendorf,2
chmoser,staedtetagbayern,4
chmoser,stadtwerkedeggendorf,2
chmoser,stadtbaudeggendorf,2
chmoser,stadtparkendeggendorf,2
chmoser,stadthallendeggendorf,2
chmoser,itcgmbh,2
chmoser,grundstuecksgmbh,2
chmoser,vhsdeggendorferland,2
chmoser,donauhafendeggendorf,2
chmoser,wasserversorgungbayerischerwald,2
chmoser,versicherungskammerbayern,2
chmoser,dietergoerlitzstiftung,2
chmoser,stiftunginternationalerstudentenaustausch,2
chmoser,maxgallingerstiftung,2
chmoser,malteserdeggendorf,2
chmoser,caritasratdeggendorf,2
chmoser,freundethdeggendorf,2
thneumann,handelskammermuenchen,4
thneumann,medienbayerngmbh,2
runeumaier,heimatpflegebayern,2
runeumaier,heimattagbayern,4
runeumaier,rosnerseidlstiftung,2
runeumaier,fischereiundgewaesserpflege,2
runeumaier,hausgeschichtebayern,2
runeumaier,bavarikon,2
runeumaier,kulturerbebayern,2
runeumaier,foerderstiftungessayistik,2
benolte,landtagbayern,4
benolte,afd,3
benolte,burschenschaftsaxonia,2
benolte,burschenschaftdanubia,2
mipiazolo,landtagbayern,4
mipiazolo,akademiepolitischebildungtutzing,2
mipiazolo,stiftungkonzerthaus,2
mipiazolo,europaunionbayern,2
mipiazolo,fw,3
rugodehard,universitaetbamberg,4
rugodehard,peterhammerverlag,2
rugodehard,virtuellehochschulebayern,2
rugodehard,bavariafilm,2
rugodehard,brmedia,2
geschermer,vgwort,4
geschermer,kulturschmiedesendlingen,2
klschmoeller,mtvingolstadt,2
klschmoeller,landessportverbandbayern,4
klschmoeller,deutscherolympischersportbund,2
saschuhmann,evkirchebayern,2
saschuhmann,diakonischeswerkbayern,2
saschuhmann,evstiftunghospiz,2
saschuhmann,evaktionsgemeinschaftfamilienfragen,2
saschuhmann,krankenhausgesellschaftbayern,2
saschuhmann,frauenwerkstein,2
saschuhmann,evverbandaltenarbeit,2
saschuhmann,evjugendsozialarbeitbayern,2
saschuhmann,evkitaverbandbayern,2
phseitz,jugendringbayern,4
phseitz,katholischelandjugend,2
phseitz,pfarrgemeinschaftbarbing,2
chseuss,lagselbsthilfebayern,4
chseuss,hoerbuechereibayern,2
chseuss,johannauerstiftung,2
pasiebertz,wirtschaftsvereinigungbayern,4
pasiebertz,stiftungbildungsaspektbayern,2
pasiebertz,universitaeteichstaett,2
pasiebertz,universitaetsgesellschaftmuenchen,2
pasiebertz,freundekatholischeakademiebayern,2
pasiebertz,residenzfreunde,2
pasiebertz,vereinstudentenhilfe,2
pasiebertz,freundedesmpz,2
bestiedl,dgbbayern,4
hastocker,journalistenbayern,4
hastocker,bavariaonefilm,2
hastocker,quintfilms,2
matrabusch,stadtwuerzburg,2
matrabusch,schauspielbayern,4
dotropper,stadterlangen,2
miweiss,regierungoberpfalz,2
miweiss,landessportverbandbayern,4
miweiss,csu,3
juwidmann,landtagbayern,4
juwidmann,fw,3
juwidmann,ameoskliniken,2
juwidmann,sparkasselandshut,2
juwidmann,freundeskreisfhlandshut,2
juwidmann,stadtlandshut,2
stwild,hotelgastgmbh,4
stwild,dehogabayern,2
mawunnike,mittelbayerischerverlag,2
mawunnike,zeitungsverlegerbayern,4
mawunnike,vereinkrebskrankekinderbayern,2
mawunnike,foerderakademiekunstbayern,2
chade,br,1
mabeck,br,1
babecker,br,1
baebenkenstein,br,1
vrbertsch,br,1
jobeyer,br,1
uwbrandl,br,1
dibreit,br,1
ildanziger,br,1
hadipama,br,1
sedorny,br,1
aldorow,br,1
maeglauer,br,1
sifleischmann,br,1
alfriedrich,br,1
hegreif,br,1
thhabermann,br,1
vohalbleib,br,1
luhartmann,br,1
flherrmann,br,1
klholetschek,br,1
mehuml,br,1
frhuepers,br,1
luklemens,br,1
rakleybolte,br,1
chknauer,br,1
jokohler,br,1
sakurz,br,1
axlinstaedt,br,1
femang,br,1
chmoser,br,1
thneumann,br,1
runeumaier,br,1
benolte,br,1
mipiazolo,br,1
rugodehard,br,1
geschermer,br,1
klschmoeller,br,1
saschuhmann,br,1
phseitz,br,1
chseuss,br,1
pasiebertz,br,1
bestiedl,br,1
hastocker,br,1
matrabusch,br,1
dotropper,br,1
miweiss,br,1
juwidmann,br,1
stwild,br,1
mawunnike,br,1
mepayandeh,dgb,4
mepayandeh,arcelormittalbremen,2
mepayandeh,arbeitundlebenniedersachsen,2
mepayandeh,vhshustedt,2
mepayandeh,spd,3
libudde,unternehmensverbaendeniedersachsen,4
libudde,hannoverrueck,2
fiabaci,integrationsratniedersachsen,4
febernard,kathkircheniedersachsen,4
febernard,bistumosnabrueck,2
febernard,universitaetosnabrueck,2
febernard,stpaulusgymnasialkirche,2
kaelste,lbuniedersachsen,4
acengstler,fernuniversitaethagen,2
acengstler,foerderkreisdtschriftstellerniedersachsen,2
acengstler,penberlin,2
utgottschaar,verdi,4
migruenberg,lagfwniedersachsen,4
migruenberg,juedischegemeindenniedersachsen,2
migruenberg,juedischegemeindeosnabrueck,2
imhaake,fdpniedersachsen,4
imhaake,fdp,3
imhaake,stadtgrossenkneten,2
huhebbelmann,bundniedersachsen,4
huhebbelmann,umweltministeriumniedersachsen,2
cohoeltkemeier,handwerkniedersachsen,4
cohoeltkemeier,bauwirtschaftniedersachsen,2
cohoeltkemeier,signaliduna,2
cohoeltkemeier,rentenversicherungbraunschweig,2
otholtz,gruene,3
otholtz,grueneniedersachsen,4
otholtz,help,2
otholtz,brueckederkulturenhildesheim,2
otholtz,landniedersachsen,2
hajagau,spdniedersachsen,4
hajagau,spd,3
hajagau,hannover96,2
hajagau,bissendorfconsulting,2
hajagau,eckertlaw,2
ankramer,dgbniedersachsen,4
ankramer,verdibildungswerk,2
jekruse,seniorenratniedersachsen,4
jekruse,evkirchehannover,2
jekruse,bagso,2
utkueck,samtgemeindeharsefeld,2
utkueck,staedteundgemeindebundniedersachsen,4
utkueck,trinkwasserstaderland,2
utkueck,kav,2
milanger,sportbundniedersachsen,4
milanger,fliegetalentmanufaktur,2
milanger,gruene,3
milanger,schachniedersachsen,2
milanger,sportbundbraunschweig,2
milanger,chesssports,2
lamesch,jugendringniedersachsen,4
lamesch,pfadfinderniedersachsen,2
lamesch,evkirchehannover,2
lamesch,jugendhilfehannover,2
jenacke,cduniedersachsen,4
jenacke,cdu,3
jenacke,ammerlaenderwohnung,2
jenacke,ewetel,2
jenacke,stiftunggedenkstaettenniedersachsen,2
jenacke,landtagniedersachsen,2
sipuppe,bundesagenturfuerarbeit,2
sipuppe,elternratniedersachsen,4
sipuppe,schulausschussgifhorn,2
sipuppe,kinderschutzbund,2
sipuppe,frauenzentrumgifhorn,2
sipuppe,buendnisfamilien,2
urrudnick,asf,4
urrudnick,evkirchehannover,2
urrudnick,martinbuberstiftung,2
urrudnick,christenundjudenniedersachsen,2
meschramme,frauenratniedersachsen,4
meschramme,gleichberechtigungundvernetzung,2
meschramme,regionhannover,2
clschuessler,spdniedersachsen,4
clschuessler,spd,3
clschuessler,klinikumhannover,2
clschuessler,ksghannover,2
clschuessler,proberuf,2
clschuessler,stiftungopferhilfeniedersachsen,2
clschuessler,landtagniedersachsen,2
diswinke,sovdniedersachsen,4
diswinke,medizinischediensteniedersachsen,2
diswinke,reichsbundstiftung,2
diswinke,dgvm,2
diswinke,meravisimmobilien,2
diswinke,bbwstendal,2
beunruh,erwachsenenbildungniedersachsen,4
beunruh,vhsverbandniedersachsen,2
beunruh,vhsverbanddeutschland,2
beunruh,akademiekulturelleswolfenbuettel,2
beunruh,feuerwehrverbandniedersachsen,2
kaibellstedt,awoschleswig,4
kaibellstedt,landschleswig,2
kaibellstedt,pflegeundgesundheitkreisploen,2
kaibellstedt,spd,3
gubecker,musikratschleswig,4
gubecker,hansebooks,2
gubecker,nordestedtmbh,2
gubecker,cdu,3
bebaeumer,erzbistumhamburg,4
bebaeumer,ardgremienkonferenz,2
bebaeumer,gedenkstaettenstiftungschleswig,2
bebaeumer,mvkiel,2
bebaeumer,abschiebungshaftglueckstadt,2
tibrockmann,cduschleswig,4
tibrockmann,cdu,3
tibrockmann,stadtpreetz,2
tibrockmann,buergerenergiegenossenschaftpreetz,2
nifickinger,uvnord,4
nifickinger,nordmetall,2
nifickinger,agenturfuerarbeit,2
nifickinger,nordakademie,2
nifickinger,wirtschafsverbandnord,2
nifickinger,unternehmensverbaendemeckpom,2
nifickinger,idw,2
sishessler,dgbnord,4
jeleutert,cduschleswig,4
jeleutert,cdu,3
jeleutert,stadtkiel,2
flmatz,mieterbundschleswig,4
flmatz,stadtflensburg,2
flmatz,mietervereinflensburg,2
flmatz,spd,3
flmatz,awoflensburg,2
flmatz,kulturhofflensburg,2
flmatz,evkircheflensburg,2
flmatz,matzautoteile,2
remueller,kinderschutzbundschleswig,4
remueller,landschleswig,2
miott,naturschutzschleswig,4
miott,stiftungnaturschutzschleswig,2
miott,stiftunggroenauerheide,2
kawulf,frauenberatungschleswig,4
thkaerst,evkirchenord,4
stszczupak,juedischegemeindehamburg,4
stszczupak,stiftungbornplatzsynagoge,2
utbertrand,robinwood,4
gabrasch,diakoniehamburg,4
gabrasch,passageggmbh,2
gabrasch,agfwjugendhilfe,
sagoldschmidt,dgbnord,4
sagoldschmidt,verdihamburg,2
sagoldschmidt,haspaag,2
sagoldschmidt,hgv,2
sagoldschmidt,medizinischerdienstnord,2
evhubert,gruenehamburg,4
evhubert,gruene,3
evhubert,filmfoerderunghamburg,2
evhubert,kulturstiftunghamburg,2
evhubert,kunsthochschulehamburg,2
haschmidt,spdhamburg,4
haschmidt,spd,3
haschmidt,wicegmbh,2
haschmidt,hamburgischebuergschaft,2
kaschroeder,arbeitsgruppekunsthamburg,4
kaschroeder,arthurboskampstiftung,2
kaschroeder,aktivregionauenland,2
kaschroeder,kulturbehoerdehamburg,2
antranziska,profem,4
antranziska,flaks,2
antranziska,gruene,3
thvolkmann,verbandfreierberufehamburg,4
thvolkmann,steuerberaterverbandhamburg,2
thvolkmann,dakgesundheit,2
thvolkmann,buergschaftsbankhamburg,2
anvoss,verbraucherzentralehamburg,4
hemueller,bauernverbandmeckpom,4
hemueller,bauernverbandmalchin,2
hemueller,wasserwerkderzukunft,2
hemueller,landfrauenmeckpom,2
frlietz,evkirchenord,4
frlietz,landeskulturratmeckpom,2
frlietz,ehrenamtsstiftungmeckpom,2
frlietz,zukunftshandelmeckpom,2
frlietz,kulturlandmeckpom,2
anbader,sportbundmeckpom,4
wohasselfeldt,hausundgrundmeckpom,4
wohasselfeldt,hausundgrundvereinrostock,2
najulitz,spdmeckpom,4
najulitz,spd,3
najulitz,landtagmeckpom,2
najulitz,awo,2
najulitz,mueritzhilft,2
diknecht,dbbmeckpom,4
diknecht,wuestenrot,2
diknecht,cdu,3
makrueger,vos,4
makrueger,stadtentsorgungrostock,2
makrueger,cdu,3
thkrueger,spdmeckpom,4
thkrueger,spd,3
thkrueger,landtagmeckpom,2
miroolf,unternehmensverbaendemeckpom,4
jeschlaupitz,caritaserzbistumhamburg,4
jeschlaupitz,telseelsorgemeckpom,2
jeschlaupitz,ligameckpom,2
joschmidt,heimatverbandmeckpom,4
joschmidt,integrativertreffrostock,2
joschmidt,vvnbdarostock,2
joschmidt,cdu,3
mepayandeh,ndr,1
libudde,ndr,1
fiabaci,ndr,1
febernard,ndr,1
kaelste,ndr,1
acengstler,ndr,1
utgottschaar,ndr,1
migruenberg,ndr,1
imhaake,ndr,1
huhebbelmann,ndr,1
cohoeltkemeier,ndr,1
otholtz,ndr,1
hajagau,ndr,1
ankramer,ndr,1
jekruse,ndr,1
utkueck,ndr,1
milanger,ndr,1
lamesch,ndr,1
jenacke,ndr,1
sipuppe,ndr,1
urrudnick,ndr,1
meschramme,ndr,1
clschuessler,ndr,1
diswinke,ndr,1
beunruh,ndr,1
kaibellstedt,ndr,1
gubecker,ndr,1
bebaeumer,ndr,1
tibrockmann,ndr,1
nifickinger,ndr,1
sishessler,ndr,1
jeleutert,ndr,1
flmatz,ndr,1
remueller,ndr,1
miott,ndr,1
kawulf,ndr,1
thkaerst,ndr,1
stszczupak,ndr,1
utbertrand,ndr,1
gabrasch,ndr,1
sagoldschmidt,ndr,1
evhubert,ndr,1
haschmidt,ndr,1
kaschroeder,ndr,1
antranziska,ndr,1
thvolkmann,ndr,1
anvoss,ndr,1
hemueller,ndr,1
frlietz,ndr,1
anbader,ndr,1
wohasselfeldt,ndr,1
najulitz,ndr,1
diknecht,ndr,1
makrueger,ndr,1
thkrueger,ndr,1
miroolf,ndr,1
jeschlaupitz,ndr,1
joschmidt,ndr,1